Category,Link_Child
Mới nhất,https://vnexpress.net/hlv-gong-khong-thang-tran-v-league-thu-tu-lien-tiep-4692340.html
Mới nhất,https://vnexpress.net/khoi-co-anh-huong-den-kha-nang-mien-dich-cua-nguoi-lon-tuoi-the-nao-4692268.html
Mới nhất,https://vnexpress.net/ba-nguoi-bi-dieu-tra-tham-o-du-an-nao-vet-cong-thoat-nuoc-o-da-nang-4692331.html
Mới nhất,https://vnexpress.net/nu-trung-tuong-duy-nhat-cua-quan-doi-viet-nam-la-ai-4692262.html
Mới nhất,https://vnexpress.net/khach-den-dong-nam-bo-chiem-hon-nua-tong-du-khach-ca-nuoc-4692326.html
Mới nhất,https://vnexpress.net/covid-19-lay-lan-manh-o-anh-4692237.html
Mới nhất,https://vnexpress.net/6-cong-dung-bat-ngo-tu-vo-chuoi-4692075.html
Mới nhất,https://vnexpress.net/ran-ho-mang-doa-bao-hoa-mai-vut-moi-bo-chay-4691761.html
Mới nhất,https://vnexpress.net/shynh-group-danh-dau-10-nam-hoat-dong-4692338.html
Mới nhất,https://vnexpress.net/cau-hon-di-vao-hoat-dong-4692322.html
Mới nhất,https://vnexpress.net/phu-nu-nghi-gi-khi-dan-ong-bi-dong-tren-giuong-4692016.html
Mới nhất,https://vnexpress.net/mot-vay-cuoi-dap-ren-cua-diem-my-9x-4692320.html
Mới nhất,https://vnexpress.net/bay-nghe-si-o-vien-duong-lao-sap-chuyen-cho-moi-4692231.html
Mới nhất,https://vnexpress.net/suarez-tai-hop-messi-o-inter-miami-4692308.html
Mới nhất,https://vnexpress.net/tien-nha-chiem-gan-40-chi-tieu-cua-nguoi-bo-dao-nha-4692211.html
Mới nhất,https://vnexpress.net/ga-hap-mam-nhi-kieu-nam-bo-4692279.html
Mới nhất,https://vnexpress.net/bong-bay-phat-no-lam-bong-mat-be-trai-4692200.html
Mới nhất,https://vnexpress.net/toi-khong-tinh-toan-vai-trieu-dong-bi-mat-vi-mung-cuoi-moi-nam-4692161.html
Mới nhất,https://vnexpress.net/nhung-phat-hien-khao-co-thu-vi-nam-2023-4691975.html
Mới nhất,https://vnexpress.net/so-ngay-nao-do-quay-lai-con-duong-co-bac-4691888.html
Mới nhất,https://vnexpress.net/nhung-thuong-hieu-hoang-gia-anh-cap-dau-vip-4692099.html
Mới nhất,https://vnexpress.net/binh-dinh-hut-82-du-an-dau-tu-4692219.html
Mới nhất,https://vnexpress.net/bo-cong-thuong-phan-cong-lai-nhiem-vu-sau-khi-ong-do-thang-hai-bi-bat-4692317.html
Mới nhất,https://vnexpress.net/hoc-sinh-vung-cao-a-luoi-trai-nghiem-thu-vien-dien-tu-4692171.html
Mới nhất,https://vnexpress.net/nhat-thong-qua-ngan-sach-quoc-phong-cao-ky-luc-4692313.html
Mới nhất,https://vnexpress.net/uu-dai-giam-gia-toi-50-tai-trien-lam-tech-awards-2023-4692278.html
Mới nhất,https://vnexpress.net/6-loai-nam-giup-phong-benh-tim-4692196.html
Mới nhất,https://vnexpress.net/lan-dau-co-xe-buyt-2-tang-ngam-sai-gon-xuyen-dem-4692276.html
Mới nhất,https://vnexpress.net/hanh-trinh-ve-nha-cua-cau-be-anh-mat-tich-6-nam-4692180.html
Mới nhất,https://vnexpress.net/166-nguoi-chet-va-mat-tich-do-thien-tai-nam-2023-4692247.html
Thời sự,https://vnexpress.net/cao-toc-la-son-hoa-lien-se-duoc-mo-rong-len-4-lan-xe-4692061.html
Thời sự,https://vnexpress.net/hai-chuot-tui-chet-tai-trung-tam-cuu-ho-hoang-lien-4692086.html
Thời sự,https://vnexpress.net/hai-phu-nu-tu-vong-do-va-cham-tau-hoa-4692058.html
Thời sự,https://vnexpress.net/bang-gia-xuat-hien-tren-dinh-nui-o-mu-cang-chai-4692030.html
Thời sự,https://vnexpress.net/tai-xe-xep-hang-hon-12-tieng-cho-dang-kiem-4691951.html
Thời sự,https://vnexpress.net/lanh-dao-giai-ngan-dau-tu-cong-duoi-80-khong-duoc-thu-nhap-tang-them-4691964.html
Thời sự,https://vnexpress.net/mien-bac-ret-nhat-am-2-do-c-4691956.html
Thời sự,https://vnexpress.net/quy-mo-cau-my-thuan-2-noi-hai-cao-toc-o-mien-tay-4691814.html
Thời sự,https://vnexpress.net/dac-cong-tang-hinh-vuot-ham-chong-tren-thao-truong-4690142.html
Thời sự,https://vnexpress.net/xe-dua-don-hoc-sinh-phai-cung-cap-hanh-trinh-mau-son-4691908.html
Thời sự,https://vnexpress.net/tp-hcm-ban-phao-hoa-le-hoi-countdown-don-tet-duong-lich-4691844.html
Thời sự,https://vnexpress.net/du-an-do-thi-kieu-mau-4-200-ty-dong-thanh-noi-tha-bo-4691564.html
Thời sự,https://video.vnexpress.net/hang-dai-xe-nguoc-chieu-o-nga-tu-nguyen-trai-khuat-duy-tien-4690932.html
Thời sự,https://vnexpress.net/thu-tuong-cham-diem-kha-tin-de-nguoi-dan-vay-von-nhanh-4691882.html
Thời sự,https://vnexpress.net/lo-dat-da-mo-than-hai-cong-nhan-tu-vong-4691901.html
Thời sự,https://vnexpress.net/chu-tich-nuoc-huan-luyen-bo-doi-tinh-bao-tinh-nhue-thien-chien-4691861.html
Thời sự,https://vnexpress.net/ba-nguoi-dan-hang-nghin-rao-vat-len-cot-dien-bi-phat-4691865.html
Thời sự,https://vnexpress.net/12-000-goc-bi-sap-thu-hoach-cua-nong-dan-bi-chat-pha-4691855.html
Thời sự,https://vnexpress.net/hon-4-000-nguoi-se-dien-tap-chua-chay-o-ga-ngam-ben-thanh-4691802.html
Thời sự,https://vnexpress.net/oto-xep-hang-hon-mot-km-cho-dang-kiem-4691730.html
Thời sự,https://vnexpress.net/bao-chi-chong-tham-nhung-den-cung-nhung-khong-duoc-sach-nhieu-4691648.html
Thời sự,https://vnexpress.net/sap-dong-nut-giao-o-cua-ngo-nam-sai-gon-4691527.html
Thời sự,https://vnexpress.net/doanh-nghiep-trong-tru-dien-gio-tren-dat-rung-phong-ho-4691563.html
Thời sự,https://vnexpress.net/tau-gap-nan-giua-bien-dong-duoc-cuu-4691591.html
Thời sự,https://vnexpress.net/oto-mien-kiem-dinh-lan-dau-co-the-phai-nop-phi-lap-ho-so-4691544.html
Thời sự,https://vnexpress.net/sap-tran-truong-hoc-8-hoc-sinh-bi-thuong-4691561.html
Thời sự,https://video.vnexpress.net/4-du-an-giao-thong-o-tp-hcm-hoan-thanh-nam-nay-4690933.html
Thời sự,https://vnexpress.net/hinh-dang-cao-toc-giup-tu-sai-gon-di-can-tho-con-hon-2-gio-4690789.html
Thời sự,https://vnexpress.net/khu-xu-ly-rac-48-ty-dong-hoan-thanh-2-nam-khong-the-van-hanh-4691306.html
Thời sự,https://vnexpress.net/nan-trom-dat-mat-ruong-4691284.html
Thời sự,https://vnexpress.net/hang-loat-du-an-bai-do-xe-o-ha-noi-dap-chieu-4691137.html
Thời sự,https://vnexpress.net/hai-nu-sinh-lop-7-gap-nan-khi-di-tam-song-4691416.html
Thời sự,https://vnexpress.net/tra-lai-260-trieu-dong-chuyen-nham-4691414.html
Góc nhìn,https://vnexpress.net/tac-gia/ha-duc-tri-1865.html
Góc nhìn,/goc-nhin/tac-gia
Góc nhìn,https://vnexpress.net/thang-thua-voi-cuoc-doi-4692333.html
Góc nhìn,https://vnexpress.net/an-bot-cua-hoc-sinh-4691665.html
Góc nhìn,https://vnexpress.net/tin-nhiem-thap-bat-thuong-4691107.html
Góc nhìn,https://vnexpress.net/thieu-cat-thi-dap-bang-gi-4690939.html
Góc nhìn,https://vnexpress.net/cuc-mau-dong-scb-4690374.html
Góc nhìn,https://vnexpress.net/camera-trong-phong-ngu-4689799.html
Góc nhìn,https://vnexpress.net/cai-co-san-xai-roi-cung-het-4689507.html
Góc nhìn,https://vnexpress.net/van-minh-trong-hanh-phap-4688972.html
Góc nhìn,https://vnexpress.net/nguoi-thay-mat-thieng-4688387.html
Góc nhìn,https://vnexpress.net/mua-thuoc-ngoai-vien-4688043.html
Góc nhìn,https://vnexpress.net/canh-tranh-ve-gia-4687635.html
Góc nhìn,https://vnexpress.net/nghe-thuat-mac-an-treo-4686348.html
Góc nhìn,https://vnexpress.net/hoc-nang-hay-nhe-4686869.html
Góc nhìn,https://vnexpress.net/do-con-tieu-chuan-4681547.html
Góc nhìn,https://vnexpress.net/ai-tao-ra-lu-tre-noi-loan-nay-4685494.html
Góc nhìn,https://vnexpress.net/thao-tung-ngan-hang-4684194.html
Góc nhìn,https://vnexpress.net/nghich-ly-dien-mai-nha-4686315.html
Góc nhìn,https://vnexpress.net/choi-bo-nguoi-khuyet-tat-4684773.html
Góc nhìn,https://vnexpress.net/vinh-biet-ky-thi-xo-so-4686005.html
Góc nhìn,/goc-nhin/binh-luan-nhieu
Thế giới,https://vnexpress.net/nga-doa-cat-quan-he-voi-my-neu-bi-tich-thu-tai-san-dong-bang-4692210.html
Thế giới,https://vnexpress.net/nhat-co-the-ban-ten-lua-patriot-cho-my-4692208.html
Thế giới,https://vnexpress.net/gaza-co-the-hung-ton-that-nhan-mang-lon-nhat-trong-75-nam-4692195.html
Thế giới,https://vnexpress.net/my-nhan-tau-ngam-khong-nguoi-lai-hien-dai-nhat-the-gioi-4691838.html
Thế giới,https://vnexpress.net/linh-nga-dung-flycam-tiep-te-cho-tien-tuyen-4692147.html
Thế giới,https://vnexpress.net/cuu-luat-su-cua-ong-trump-de-don-xin-pha-san-4692060.html
Thế giới,https://vnexpress.net/nga-cai-tien-thiet-giap-bom-tan-cong-phong-tuyen-ukraine-4692036.html
Thế giới,https://vnexpress.net/ong-trump-co-the-bien-nguy-thanh-co-voi-phan-quyet-cua-bang-colorado-4691707.html
Thế giới,https://vnexpress.net/bi-bien-nha-tho-co-thanh-san-truot-bang-giang-sinh-4692056.html
Thế giới,https://vnexpress.net/hoi-dong-bao-an-hoan-bo-phieu-nghi-quyet-ve-gaza-4692035.html
Thế giới,https://vnexpress.net/80-tieu-doan-ukraine-khong-choc-thung-duoc-phong-tuyen-nga-4692000.html
Thế giới,https://vnexpress.net/nhan-chung-ke-khoanh-khac-tron-chay-tay-sung-czech-4691978.html
Thế giới,https://vnexpress.net/la-chan-ten-lua-patriot-my-gay-tranh-cai-o-palau-4692009.html
Thế giới,https://vnexpress.net/cuu-dong-minh-cua-ong-medvedev-bi-ket-an-12-nam-tu-4691986.html
Thế giới,https://vnexpress.net/ukraine-noi-toc-do-san-xuat-vu-khi-cua-nga-cham-lai-4691976.html
Thế giới,https://vnexpress.net/nghi-pham-xa-sung-dai-hoc-czech-la-sinh-vien-4691927.html
Thế giới,https://vnexpress.net/tong-thong-ba-lan-chi-trich-tan-thu-tuong-4691933.html
Kinh doanh,https://vnexpress.net/nguoi-nuoi-lo-nang-vi-gia-heo-hoi-cham-day-4691970.html
Kinh doanh,https://vnexpress.net/gia-vang-mieng-sjc-ngay-22-12-2023-4692007.html
Kinh doanh,https://vnexpress.net/phai-xac-thuc-bang-sinh-trac-hoc-khi-doi-thiet-bi-dang-nhap-ung-dung-ngan-hang-4691906.html
Kinh doanh,https://vnexpress.net/ly-do-viet-nam-muon-nhap-khau-dien-gio-tu-lao-4691705.html
Kinh doanh,https://vnexpress.net/nam-a-bank-niem-yet-co-phieu-tren-hose-4692321.html
Kinh doanh,https://vnexpress.net/nha-dau-tu-se-khong-duoc-gui-tien-vao-cong-ty-chung-khoan-4691873.html
Kinh doanh,https://vnexpress.net/nguoi-viet-co-the-lien-ket-the-visa-voi-wechat-pay-alipay-4692025.html
Kinh doanh,https://vnexpress.net/ceo-galaxy-studio-rap-phim-se-tro-thanh-diem-giai-tri-tich-hop-4688946.html
Kinh doanh,https://vnexpress.net/sabeco-gat-hai-loat-giai-thuong-trong-nam-2023-4691580.html
Kinh doanh,https://vnexpress.net/bkav-dinh-huong-mo-rong-thi-truong-toan-cau-4688311.html
Kinh doanh,https://vnexpress.net/thu-ngan-sach-vuot-ke-hoach-4691869.html
Kinh doanh,https://vnexpress.net/cho-ben-thanh-chot-hon-18-200-don-nho-livestream-ban-hang-4691828.html
Kinh doanh,https://vnexpress.net/gia-vang-mieng-sjc-len-sat-76-trieu-dong-4691790.html
Kinh doanh,https://vnexpress.net/kieu-hoi-ve-tp-hcm-gap-gan-ba-lan-von-fdi-4691808.html
Kinh doanh,https://vnexpress.net/thanh-khoan-chung-khoan-thap-nhat-gan-hai-thang-4691726.html
Kinh doanh,https://vnexpress.net/gia-xang-moi-nhat-ngay-21-12-gia-xang-vuot-22-000-dong-mot-lit-4691653.html
Kinh doanh,https://vnexpress.net/nghien-cuu-goi-tin-dung-30-000-ty-dong-cho-nganh-cong-nghiep-van-hoa-4692186.html
Kinh doanh,https://vnexpress.net/vn-index-tiep-tuc-xanh-vo-do-long-4692233.html
Kinh doanh,https://vnexpress.net/nguoi-thai-thau-tom-them-mot-ong-lon-nganh-bao-bi-4692209.html
Bất động sản,https://vnexpress.net/ngoi-nha-vuon-hai-tang-duoc-lam-toan-bo-tu-go-cu-4691572.html
Bất động sản,https://vnexpress.net/cu-dan-the-zenpark-tan-huong-khong-gian-song-dam-chat-nhat-ban-4692260.html
Bất động sản,https://vnexpress.net/hai-ap-luc-cua-bat-dong-san-cong-nghiep-2024-4691728.html
Bất động sản,https://vnexpress.net/3-ty-dong-mua-chung-cu-noi-thanh-hay-nha-pho-ven-tp-hcm-4691541.html
Bất động sản,https://vnexpress.net/them-3-du-an-nha-o-tp-hcm-duoc-go-vuong-phap-ly-4691516.html
Bất động sản,https://vnexpress.net/5-nuoc-dau-tu-can-ho-cho-thue-hap-dan-nhat-2024-4691071.html
Bất động sản,https://vnexpress.net/tp-hcm-se-hoan-tat-cai-tao-sua-chua-246-chung-cu-cu-nam-2025-4691702.html
Bất động sản,https://vnexpress.net/thai-binh-thu-hoi-12-ha-dat-giao-cho-flc-lam-benh-vien-4691754.html
Bất động sản,https://vnexpress.net/masterise-homes-ban-phao-hoa-chao-nam-moi-tai-the-global-city-4690801.html
Bất động sản,https://vnexpress.net/phong-tam-tu-khong-gian-cong-cong-thanh-thiet-ke-rieng-tu-4688897.html
Bất động sản,https://vnexpress.net/nam-sau-thanh-tra-hoat-dong-xay-dung-cua-vietinbank-evn-4691340.html
Bất động sản,https://vnexpress.net/vi-sao-gia-nha-khong-giam-nhu-thoi-ky-khung-hoang-2008-2009-4690647.html
Bất động sản,https://vnexpress.net/dia-oc-phia-nam-khoi-dong-nguon-cung-nam-2024-4689414.html
Bất động sản,https://vnexpress.net/tap-doan-kim-oanh-xin-go-vuong-6-du-an-tai-dong-nai-4691148.html
Bất động sản,https://vnexpress.net/duyet-quy-hoach-khu-do-thi-hon-7-300-ha-o-dung-quat-4691133.html
Bất động sản,https://vnexpress.net/sonkim-group-dong-hanh-hoat-dong-don-nam-moi-cua-tp-thu-duc-4690817.html
Bất động sản,https://vnexpress.net/thap-doi-36-tang-tai-gem-park-hai-phong-4690849.html
Bất động sản,https://vnexpress.net/ldg-co-chu-tich-moi-4690880.html
Bất động sản,https://vnexpress.net/ba-nam-toi-voi-1-5-ty-dong-co-du-xay-nha-4-tang-48-m2-o-ha-noi-4687457.html
Bất động sản,https://vnexpress.net/can-ho-thong-tang-240-m2-huong-song-hong-voi-noi-that-tho-rap-4690344.html
Bất động sản,https://vnexpress.net/10-ty-dong-nen-mua-nha-pho-hay-chung-cu-4687308.html
Bất động sản,https://vnexpress.net/ben-trong-can-ho-hang-hieu-marriott-4687444.html
Bất động sản,https://vnexpress.net/chu-dau-tu-bop-nho-can-ho-de-giam-gia-ban-4689411.html
Bất động sản,https://vnexpress.net/nha-xa-hoi-tai-dinh-cu-xay-xong-khong-co-nguoi-o-4689569.html
Bất động sản,https://vnexpress.net/nha-ong-82-m2-tai-hue-nhu-hang-da-den-4689808.html
Bất động sản,https://vnexpress.net/cai-tao-nha-ong-2-tang-thieu-sang-da-su-dung-20-nam-4688455.html
Bất động sản,https://vnexpress.net/tien-ich-cham-soc-suc-khoe-sac-dep-tai-central-park-residences-4690175.html
Bất động sản,https://vnexpress.net/chicilon-media-la-nha-tai-tro-kim-cuong-cho-hoi-nghi-ve-bat-dong-san-4689251.html
Bất động sản,https://vnexpress.net/khang-dien-ra-mat-100-can-ho-view-ba-mat-thoang-4688237.html
Bất động sản,https://vnexpress.net/6-vat-lieu-xay-dung-giup-giam-thai-khi-carbon-4689733.html
Bất động sản,https://vnexpress.net/nha-nghi-duong-5-tang-nhu-ham-tru-an-giua-rung-cay-4689785.html
Bất động sản,https://vnexpress.net/dia-oc-phia-nam-tram-lang-mua-cao-diem-cuoi-nam-4687479.html
Bất động sản,https://vnexpress.net/kha-nang-chi-tra-nha-o-cua-nguoi-canada-kem-nhat-41-nam-4689510.html
Bất động sản,https://vnexpress.net/dau-tu-gi-khi-da-co-hai-can-ho-tai-tp-hcm-4689115.html
Bất động sản,https://vnexpress.net/ngoi-nha-240-m2-uu-tien-khong-gian-nghi-ngoi-4689407.html
Bất động sản,https://vnexpress.net/nhung-khu-dat-vang-bo-khong-nhieu-nam-o-trung-tam-ha-noi-4689513.html
Bất động sản,https://vnexpress.net/phu-long-trang-hoang-loat-khu-do-thi-don-giang-sinh-4688740.html
Bất động sản,https://vnexpress.net/hoang-quan-muon-huy-dong-1-000-ty-tu-ban-co-phieu-de-xay-nha-o-xa-hoi-4689333.html
Bất động sản,https://vnexpress.net/ben-trong-nha-co-dang-bi-siet-no-cua-dai-gia-huy-may-no-4688761.html
Bất động sản,https://vnexpress.net/australia-dinh-siet-nhap-cu-de-kiem-che-gia-nha-4688773.html
Bất động sản,https://vnexpress.net/ra-mat-cong-vien-nghia-trang-sinh-thai-tai-tuyen-quang-4688797.html
Bất động sản,https://vnexpress.net/tan-duc-central-park-theo-huong-do-thi-xanh-4688696.html
Bất động sản,https://vnexpress.net/the-maison-huong-loi-tu-ha-tang-ket-noi-cua-thu-dau-mot-4688899.html
Bất động sản,https://vnexpress.net/eco-central-park-co-truong-hoc-lien-cap-tieu-chuan-my-4688821.html
Bất động sản,https://vnexpress.net/horea-chung-cu-cao-cap-giam-gia-khong-dang-ke-4688994.html
Bất động sản,https://vnexpress.net/gia-ban-can-ho-ha-noi-leo-thang-tp-hcm-giam-cuc-bo-4688480.html
Bất động sản,https://vnexpress.net/biet-thu-mot-tang-o-mien-tay-nhu-oc-dao-nhiet-doi-4688000.html
Bất động sản,https://vnexpress.net/novaland-doi-phuong-an-phat-hanh-hon-2-9-ty-co-phieu-4688509.html
Bất động sản,https://vnexpress.net/nhieu-nguoi-lo-den-100-000-usd-vi-du-dinh-gia-nha-my-4688383.html
Bất động sản,https://vnexpress.net/xay-hai-khu-tai-dinh-cu-hon-1-660-ty-tai-khu-kinh-te-van-phong-4688325.html
Bất động sản,https://vnexpress.net/biet-thu-ven-bien-thiet-ke-nhu-con-song-vo-4687929.html
Bất động sản,https://vnexpress.net/5-ty-dong-mua-nha-dat-khu-vuc-nao-o-tp-hcm-4688173.html
Bất động sản,https://vnexpress.net/go-phap-ly-du-an-dong-tien-tu-khac-vao-bat-dong-san-4688071.html
Bất động sản,https://vnexpress.net/da-cat-lo-dat-nen-co-xu-huong-giam-4687993.html
Bất động sản,https://vnexpress.net/nha-rieng-le-noi-thanh-sai-gon-tiep-tuc-giam-gia-cuoi-nam-4687784.html
Bất động sản,https://vnexpress.net/nhung-sai-lam-thuong-gap-khi-cai-tao-nha-4682633.html
Bất động sản,https://vnexpress.net/nha-ong-voi-3-khoang-san-ngap-anh-sang-4687612.html
Bất động sản,https://vnexpress.net/bat-dong-san-cong-nghiep-huong-loi-tu-chuyen-doi-so-chuyen-doi-xanh-4687537.html
Bất động sản,https://vnexpress.net/nam-long-ban-si-mot-block-du-an-ehome-southgate-4687733.html
Bất động sản,https://vnexpress.net/can-ho-hanhomes-blue-star-duoc-long-gia-dinh-tre-4687754.html
Bất động sản,https://vnexpress.net/masterise-homes-ban-giao-du-an-can-ho-thu-tu-trong-nam-4687560.html
Bất động sản,https://vnexpress.net/cong-vien-ho-thien-nga-eco-central-park-mo-cua-tu-do-4687747.html
Bất động sản,https://vnexpress.net/kho-mua-can-ho-duoi-3-ty-dong-o-tp-hcm-4683513.html
Khoa học,https://vnexpress.net/my-tien-gan-toi-san-xuat-dien-tu-phan-ung-nhiet-hach-4691453.html
Khoa học,https://vnexpress.net/tau-cho-khach-ro-ro-hang-sang-lon-nhat-the-gioi-4691350.html
Khoa học,https://vnexpress.net/chu-nhan-giai-vinfuture-2023-danh-mot-doi-nghien-cuu-va-tang-ozone-4690236.html
Khoa học,https://vnexpress.net/mua-dong-tren-cac-hanh-tinh-khac-nhu-the-nao-4691323.html
Khoa học,https://vnexpress.net/chu-tich-hoi-dong-vinfuture-nha-khoa-hoc-viet-sanh-ngang-the-gioi-4692087.html
Khoa học,https://vnexpress.net/hop-tac-xay-dung-chi-so-doi-moi-sang-tao-nganh-cua-viet-nam-4691770.html
Khoa học,https://vnexpress.net/my-cap-phep-xay-lo-phan-ung-muoi-nong-chay-dau-tien-4690974.html
Khoa học,https://vnexpress.net/cong-nghe-thong-minh-trong-gia-lanh-ky-luc-o-trung-quoc-4691750.html
Khoa học,https://vnexpress.net/chu-nhan-giai-vinfuture-2023-chia-se-cach-vuot-so-that-bai-trong-nghien-cuu-4691628.html
Khoa học,https://vnexpress.net/ve-tinh-vien-tham-uav-tham-gia-cuu-ho-dong-dat-trung-quoc-4691470.html
Khoa học,https://vnexpress.net/cap-truyen-dien-lon-nhat-the-gioi-sap-hoat-dong-4690982.html
Khoa học,https://vnexpress.net/nasa-truyen-video-toi-trai-dat-tu-khoang-cach-31-trieu-km-4690981.html
Khoa học,https://vnexpress.net/giong-lua-cao-san-dua-nha-khoa-hoc-viet-thang-giai-vinfuture-2023-4690986.html
Khoa học,https://vnexpress.net/5-cong-trinh-thang-giai-vinfuture-2023-4690009.html
Khoa học,https://vnexpress.net/vinfuture-trao-giai-3-trieu-usd-cho-nghien-cuu-pin-mat-troi-va-pin-lithium-ion-4691054-tong-thuat.html
Khoa học,https://vnexpress.net/he-thong-phan-huy-methane-nhanh-gap-100-trieu-lan-tu-nhien-4691003.html
Khoa học,https://vnexpress.net/ca-heo-trieu-con-co-mot-voi-chan-cheo-giong-moc-cau-4690506.html
Khoa học,https://vnexpress.net/sieu-may-tinh-voi-228-000-ty-hoat-dong-khop-than-kinh-moi-giay-4690990.html
Giải trí,https://vnexpress.net/dan-sao-hat-nhay-mung-cuoi-diem-my-9x-4691944.html
Giải trí,https://vnexpress.net/doc-gia-chen-chan-tham-quan-duong-sach-thu-duc-4692084.html
Giải trí,https://vnexpress.net/to-my-toi-nhap-vien-cap-cuu-vi-ham-lam-viec-4691850.html
Giải trí,https://vnexpress.net/robert-pattinson-dinh-hon-4692003.html
Giải trí,https://vnexpress.net/phim-cua-tran-anh-hung-vao-top-15-oscar-4691987.html
Giải trí,https://vnexpress.net/kieu-mot-tham-hoa-cua-thap-nien-1990-tro-lai-4691172.html
Giải trí,https://vnexpress.net/trich-sach-tat-xau-nguoi-viet-phan-3-benh-si-4691785.html
Giải trí,https://vnexpress.net/thu-tuong-xot-ruot-khi-cu-mo-tivi-la-thay-phim-nuoc-ngoai-4691996.html
Thể thao,https://vnexpress.net/real-barca-muon-mua-greenwood-4692102.html
Thể thao,https://vnexpress.net/binh-duong-thanh-hoa-quyet-dau-vi-dinh-bang-v-league-4692071.html
Thể thao,https://vnexpress.net/alcaraz-duoc-du-doan-noi-buoc-djokovic-4692041.html
Thể thao,https://vnexpress.net/ronaldo-nam-ngoai-top-100-cau-thu-hay-nhat-the-gioi-4691932.html
Thể thao,https://vnexpress.net/moi-co-ba-clb-du-super-league-4691922.html
Thể thao,https://vnexpress.net/nuoc-thi-quan-giup-ky-thu-nhi-viet-nam-vo-dich-chau-a-4692141.html
Pháp luật,https://vnexpress.net/dam-chet-hang-xom-sau-tieng-chui-4692254.html
Pháp luật,https://vnexpress.net/di-dao-cuong-buc-nguoi-tinh-cu-4692222.html
Pháp luật,https://vnexpress.net/oto-tong-nguoi-phu-nu-vang-xuong-song-4692135.html
Pháp luật,https://vnexpress.net/quan-ly-sieu-thi-bi-bat-vi-thut-ket-4692026.html
Pháp luật,https://vnexpress.net/me-bi-tai-nan-con-co-duoc-thay-mat-doi-tien-boi-thuong-4687863.html
Pháp luật,https://vnexpress.net/long-tham-chiem-doat-gia-tai-cua-nghich-tu-4691818.html
Pháp luật,https://vnexpress.net/thi-sinh-kien-hoi-dong-coi-thi-dai-hoc-vi-thu-bai-som-90-giay-4691880.html
Pháp luật,https://vnexpress.net/nhan-vien-tin-dung-ngan-hang-lua-hon-53-ty-dong-4691744.html
Pháp luật,https://vnexpress.net/thu-truong-cong-thuong-do-thang-hai-bi-bat-4691760.html
Pháp luật,https://vnexpress.net/lua-tuyen-cong-tac-vien-ban-ve-may-bay-qua-mang-4691649.html
Pháp luật,https://vnexpress.net/cuu-giam-doc-chu-dau-tu-chung-cu-carina-bi-de-nghi-8-9-nam-tu-4691712.html
Pháp luật,https://vnexpress.net/bi-cong-tay-van-siet-co-cong-an-4691647.html
Pháp luật,https://vnexpress.net/gan-mat-than-nhan-dien-toi-pham-o-ngan-hang-4691639.html
Pháp luật,https://vnexpress.net/kien-bo-me-vi-khong-cho-tien-du-hoc-4691621.html
Pháp luật,https://vnexpress.net/8-thanh-thieu-nien-bit-mat-chem-nguoi-di-duong-4691534.html
Pháp luật,https://vnexpress.net/gia-dinh-nu-sinh-ninh-thuan-khang-cao-tang-an-cuu-quan-nhan-4691585.html
Pháp luật,https://vnexpress.net/nghi-pham-giau-hai-cot-trong-be-nuoc-suot-13-nam-bi-bat-4692244.html
Giáo dục,https://vnexpress.net/hieu-truong-tu-chuc-sau-vu-hoc-sinh-an-com-chan-mi-tom-4692032.html
Giáo dục,https://vnexpress.net/du-kien-cho-hoc-sinh-pho-thong-hoc-truoc-chuong-trinh-dai-hoc-4692033.html
Giáo dục,https://vnexpress.net/phan-biet-military-va-army-4691924.html
Giáo dục,https://vnexpress.net/lo-trinh-du-hoc-australia-voi-700-trieu-dong-4689146.html
Giáo dục,https://vnexpress.net/tinh-mien-bac-nao-la-noi-mot-con-ga-gay-ba-nuoc-cung-nghe-4691801.html
Giáo dục,https://vnexpress.net/du-kien-them-nhieu-chung-chi-duoc-mien-thi-tot-nghiep-tieng-anh-4691854.html
Giáo dục,https://vnexpress.net/thu-hang-tram-nghin-usd-de-tu-van-vao-ivy-league-4690906.html
Giáo dục,https://vnexpress.net/nhieu-tinh-giam-so-mon-thi-vao-lop-10-4691549.html
Giáo dục,https://vnexpress.net/nen-hoc-cong-nghe-thong-tin-hay-khoa-hoc-may-tinh-4691759.html
Giáo dục,https://vnexpress.net/nam-sinh-bi-ban-danh-gay-xuong-mui-4691634.html
Giáo dục,https://vnexpress.net/tieng-anh-ve-mua-giang-sinh-4691595.html
Giáo dục,https://vnexpress.net/du-hoc-sinh-trung-quoc-bot-chuong-nganh-kinh-doanh-4691448.html
Giáo dục,https://vnexpress.net/nam-sinh-am-hoc-bong-7-8-ty-voi-bai-luan-ve-vat-ly-va-am-nhac-4691092.html
Giáo dục,https://vnexpress.net/thu-tuong-yeu-cau-ra-soat-bua-an-ban-tru-o-mien-nui-4691410.html
Giáo dục,https://vnexpress.net/tinh-nao-co-it-truong-pho-thong-nhat-ca-nuoc-4691243.html
Giáo dục,https://vnexpress.net/bao-luc-hoc-duong-o-han-quoc-gia-tang-4691173.html
Giáo dục,https://vnexpress.net/hoc-bong-thac-si-fulbright-mo-rong-nganh-hoc-4691056.html
Giáo dục,https://vnexpress.net/de-xuat-bo-sung-gan-28-000-bien-che-giao-vien-4692093.html
Giáo dục,https://vnexpress.net/nhieu-hoc-sinh-nghi-ngo-doc-sau-bua-an-o-truong-4692088.html
Giáo dục,https://vnexpress.net/truong-hoc-lui-gio-vao-lop-vi-troi-ret-4692019.html
Sức khỏe,https://vnexpress.net/nha-khoa-hoc-tao-vaccine-quai-bi-tu-dich-hong-cua-con-gai-4691547.html
Sức khỏe,https://vnexpress.net/di-tieu-thuong-xuyen-canh-bao-nhieu-benh-4690109.html
Sức khỏe,https://vnexpress.net/benh-lao-tang-tro-lai-4692140.html
Sức khỏe,https://vnexpress.net/nu-sinh-bi-liet-kho-hoi-phuc-sau-vu-sap-tran-lop-hoc-nghe-an-4692139.html
Sức khỏe,https://vnexpress.net/nguoi-benh-da-day-tranh-an-gi-4690089.html
Sức khỏe,https://vnexpress.net/6-nguoi-tu-vong-lien-quan-dau-mua-khi-4692020.html
Sức khỏe,https://vnexpress.net/khuyet-hong-vung-mat-do-u-hoai-tu-moi-den-vien-4691695.html
Sức khỏe,https://vnexpress.net/5-bi-quyet-an-uong-giup-khoe-manh-ma-khong-can-kieng-khem-4691776.html
Sức khỏe,https://vnexpress.net/ngai-tam-soat-suc-khoe-vi-so-co-benh-4684899.html
Sức khỏe,https://vnexpress.net/benh-da-canh-buom-ly-thuong-bi-bong-nuoc-4691428.html
Sức khỏe,https://vnexpress.net/cach-don-gian-giup-giam-day-hoi-dip-le-tet-4691345.html
Sức khỏe,https://vnexpress.net/mang-giay-cao-got-the-nao-tranh-dau-chan-4691923.html
Sức khỏe,https://vnexpress.net/nghien-cuu-dung-ai-ho-tro-chan-doan-ung-thu-tuyen-giap-4692266.html
Sức khỏe,https://vnexpress.net/viem-xoang-chay-mau-mui-nguy-hiem-khong-4692049.html
Sức khỏe,https://vnexpress.net/6-tinh-trang-viem-ruot-can-den-benh-vien-gap-4691590.html
Sức khỏe,https://vnexpress.net/thoi-tiet-anh-huong-the-nao-den-phoi-4692126.html
Sức khỏe,https://vnexpress.net/10-mon-an-lam-tang-mo-mau-4692055.html
Sức khỏe,https://vnexpress.net/benh-vien-worldwide-nhan-chuyen-giao-he-thong-may-pic-system-4691166.html
Sức khỏe,https://vnexpress.net/nguyen-nhan-tang-huyet-ap-4689220.html
Sức khỏe,https://vnexpress.net/soi-san-ho-to-bang-qua-quyt-lap-kin-than-nguoi-phu-nu-4692021.html
Sức khỏe,https://vnexpress.net/nguyen-nhan-thoai-hoa-dia-dem-4692001.html
Sức khỏe,https://vnexpress.net/di-dang-mach-mau-nao-gay-tieng-u-la-trong-tai-4692028.html
Sức khỏe,https://vnexpress.net/6-rau-cu-qua-phong-ung-thu-da-day-4691997.html
Sức khỏe,https://vnexpress.net/nguoi-tieu-duong-nen-so-cuu-vet-thuong-the-nao-4691971.html
Sức khỏe,https://vnexpress.net/nguy-co-nhiem-hpv-o-tuoi-hoc-duong-4691891.html
Sức khỏe,https://vnexpress.net/5-mon-an-giau-vitamin-tot-cho-nguoi-benh-tieu-duong-4691852.html
Sức khỏe,https://vnexpress.net/ba-benh-o-ruot-thua-nguy-hiem-4691967.html
Sức khỏe,https://vnexpress.net/tru-trung-cho-gap-y-trung-nhan-4691803.html
Sức khỏe,https://vnexpress.net/5-bai-tap-giup-phai-dep-song-khoe-o-tuoi-40-4691788.html
Sức khỏe,https://vnexpress.net/co-nen-cho-be-so-sinh-ngu-trong-noi-dien-4691879.html
Sức khỏe,https://vnexpress.net/mot-nu-sinh-chan-thuong-so-nao-sau-vu-sap-tran-truong-hoc-4691870.html
Sức khỏe,https://vnexpress.net/that-ong-dan-tinh-co-anh-huong-quan-he-vo-chong-4691077.html
Sức khỏe,https://vnexpress.net/hoi-han-vi-bo-qua-giai-doan-vang-chua-ung-thu-4691729.html
Sức khỏe,https://vnexpress.net/bai-tap-tho-don-gian-giup-giam-cang-thang-4691684.html
Sức khỏe,https://vnexpress.net/nen-an-lau-trong-bao-lau-tot-cho-suc-khoe-4691060.html
Sức khỏe,https://vnexpress.net/tam-la-cay-chua-ghe-ca-gia-dinh-bi-loet-da-4689156.html
Sức khỏe,https://vnexpress.net/ha-noi-ret-hai-benh-nhan-dot-quy-va-tim-mach-tang-4691413.html
Sức khỏe,https://vnexpress.net/3-bi-quyet-song-khoe-cua-nguoi-phu-nu-106-tuoi-4691320.html
Sức khỏe,https://vnexpress.net/tuong-dau-that-nguc-do-benh-tim-hoa-ung-thu-phoi-4691232.html
Sức khỏe,https://vnexpress.net/hep-dong-mach-canh-am-tham-gay-dot-quy-nao-4691397.html
Sức khỏe,https://vnexpress.net/dieu-che-thuoc-phong-xa-soi-te-bao-ung-thu-4690916.html
Sức khỏe,https://vnexpress.net/chan-thuong-the-thao-thuong-gap-4691330.html
Sức khỏe,https://vnexpress.net/giang-mai-benh-gay-hiem-muon-o-nam-gioi-4691743.html
Sức khỏe,https://vnexpress.net/tuong-quai-bi-hoa-u-tuyen-mang-tai-4691727.html
Đời sống,https://vnexpress.net/5-tu-duy-khac-biet-cua-nguoi-giau-4691417.html
Đời sống,https://vnexpress.net/nguoi-ha-noi-bien-bai-rac-thanh-rung-trong-pho-4691718.html
Đời sống,https://vnexpress.net/con-sot-di-den-chua-tinh-tam-cua-gioi-tre-4691235.html
Đời sống,https://vnexpress.net/loat-hoat-dong-lan-toa-cam-hung-giu-trai-dat-xanh-cho-tre-4692122.html
Đời sống,https://vnexpress.net/ly-do-can-bang-dinh-duong-giup-bao-ve-moi-truong-4676632.html
Đời sống,https://vnexpress.net/nhung-cau-ong-ba-khong-nen-noi-voi-chau-4691794.html
Đời sống,https://vnexpress.net/cach-lam-cay-thong-giang-sinh-tu-rau-cu-4691724.html
Đời sống,https://vnexpress.net/5-cach-khu-mui-lau-tren-quan-ao-4691411.html
Đời sống,https://vnexpress.net/tai-san-khong-lo-cua-gia-toc-giau-nhat-the-gioi-4691562.html
Đời sống,https://vnexpress.net/vien-canh-toi-te-cua-dan-so-han-quoc-4690248.html
Đời sống,https://vnexpress.net/bo-don-than-thue-nghin-hecta-rung-song-doi-dien-vien-4690427.html
Đời sống,https://vnexpress.net/co-gai-mot-minh-lap-nghiep-tren-doi-hoang-4690681.html
Đời sống,https://video.vnexpress.net/bien-hoa-tuoi-thanh-bat-tu-kiem-hang-tram-trieu-4688317.html
Đời sống,https://vnexpress.net/nguoi-my-hoi-han-vi-mua-nha-4690249.html
Đời sống,https://vnexpress.net/mam-com-am-nong-ngay-dong-mien-bac-4691311.html
Đời sống,https://vnexpress.net/gioi-tre-trung-quoc-thich-mua-sam-duoi-long-dat-4691309.html
Đời sống,https://vnexpress.net/chuyen-tinh-cua-co-gai-ti-hon-va-ban-dong-gioi-4690687.html
Đời sống,https://vnexpress.net/tai-sao-mot-so-lanh-dao-ghet-lam-viec-tu-xa-4690827.html
Đời sống,https://vnexpress.net/meo-giup-tre-khong-ganh-dua-voi-anh-chi-em-4690403.html
Đời sống,https://vnexpress.net/nhieu-nguoi-tre-chon-song-vat-vo-4690802.html
Đời sống,https://vnexpress.net/cam-ly-tang-sua-calosure-america-cho-benh-nhan-cao-tuoi-4691095.html
Đời sống,https://vnexpress.net/hanh-trinh-cham-soc-suc-khoe-trai-tim-cua-sao-viet-4690313.html
Đời sống,https://vnexpress.net/luoc-rau-muong-cuon-kieu-ha-noi-xua-4690738.html
Đời sống,https://vnexpress.net/tac-hai-khi-song-bua-bon-4690873.html
Đời sống,https://vnexpress.net/5-thu-khong-nen-de-duoi-gam-giuong-4690632.html
Đời sống,https://vnexpress.net/9-cau-noi-cha-me-nen-han-che-dung-voi-con-4690143.html
Đời sống,https://vnexpress.net/nghe-tro-ly-cho-cac-tieu-thu-nha-giau-trung-quoc-4690168.html
Đời sống,https://vnexpress.net/ngay-ve-sau-30-nam-bi-ban-sang-trung-quoc-cua-co-be-11-tuoi-4690219.html
Đời sống,https://vnexpress.net/excook-mong-muon-dua-huong-vi-viet-ra-the-gioi-4685427.html
Đời sống,https://vnexpress.net/thoat-600-nhom-chat-sau-khi-nghi-viec-4690421.html
Đời sống,https://vnexpress.net/cach-lam-mo-ga-4688848.html
Đời sống,https://vnexpress.net/loi-ich-khi-sep-hai-huoc-4690410.html
Đời sống,https://vnexpress.net/thuong-tet-cho-nhan-vien-chay-it-nhat-50-km-moi-thang-4690205.html
Đời sống,https://vnexpress.net/con-loc-tra-hang-cua-nguoi-anh-4689913.html
Đời sống,https://vnexpress.net/lam-o-cho-vuon-dua-san-thuong-4689936.html
Đời sống,https://vnexpress.net/nguoi-phu-nu-ban-ve-so-han-benh-ung-thu-4688498.html
Đời sống,https://vnexpress.net/nhung-uoc-mo-trong-tranh-ve-cua-tre-yeu-the-4689930.html
Đời sống,https://vnexpress.net/dich-vu-tam-cho-nguoi-gia-4689904.html
Đời sống,https://vnexpress.net/tai-sao-doi-khi-viec-tang-qua-phan-tac-dung-4689802.html
Đời sống,https://vnexpress.net/hanh-trinh-lap-ky-luc-yoga-noi-duoi-nuoc-cua-ba-78-tuoi-4688260.html
Du lịch,https://vnexpress.net/doan-kiem-tra-ve-du-lich-phu-quoc-ra-quan-4691859.html
Du lịch,https://vnexpress.net/48-gio-o-lang-son-4690625.html
Du lịch,https://vnexpress.net/lich-su-60-nam-mon-my-cay-han-quoc-4684655.html
Du lịch,https://video.vnexpress.net/ba-chi-em-do-banh-xeo-hut-khach-o-tp-hcm-4688998.html
Du lịch,https://vnexpress.net/ve-may-bay-tet-duong-lich-phu-quoc-7-trieu-dong-da-lat-gan-5-trieu-dong-4691699.html
Du lịch,https://vnexpress.net/cam-nang-du-lich-dien-bien-4687746.html
Du lịch,https://vnexpress.net/du-lich-munich-trong-bao-tuyet-ky-luc-4689958.html
Du lịch,https://vnexpress.net/hang-che-san-nong-cua-cu-ba-82-tuoi-gan-ho-guom-4691277.html
Số hóa,https://vnexpress.net/loat-su-kien-khuay-dao-cong-dong-ai-tao-sinh-2023-4690621.html
Số hóa,https://vnexpress.net/gan-4-co-quan-bao-chi-xuat-sac-ve-chuyen-doi-so-4691710.html
Số hóa,https://vnexpress.net/co-nen-lap-khoa-cua-nhan-dang-khuon-mat-4691620.html
Số hóa,https://vnexpress.net/loi-thu-toi-cua-ke-trom-iphone-4691513.html
Số hóa,https://vnexpress.net/nguoi-dung-android-co-the-go-ung-dung-tu-xa-4691472.html
Số hóa,https://vnexpress.net/moi-nguy-ai-sieu-lan-truyen-thong-tin-sai-lech-4690776.html
Số hóa,https://vnexpress.net/s24-ultra-chup-anh-mac-dinh-24-megapixel-giong-iphone-15-4690923.html
Số hóa,https://vnexpress.net/windows-11-gap-loi-wifi-4691048.html
Số hóa,https://vnexpress.net/google-tra-700-trieu-usd-cho-102-trieu-nguoi-dung-4691018.html
Số hóa,https://vnexpress.net/su-kien-khoa-hoc-cong-nghe-noi-bat-2023-4689971.html
Số hóa,https://vnexpress.net/my-phat-binance-2-7-ty-usd-4690927.html
Số hóa,https://vnexpress.net/danh-gia-bravia-x80l-google-tv-gia-tot-4687498.html
Số hóa,https://vnexpress.net/may-suoi-co-ton-dien-4690821.html
Số hóa,https://vnexpress.net/loat-smartphone-duoi-4-trieu-dong-ra-nam-2023-4690482.html
Số hóa,https://vnexpress.net/chung-ket-tech-awards-thu-hut-300-000-binh-chon-sau-hai-tuan-4690658.html
Số hóa,https://vnexpress.net/chau-au-dieu-tra-x-4690519.html
Số hóa,https://vnexpress.net/cong-ty-chip-trung-quoc-tim-den-malaysia-4690480.html
Số hóa,https://vnexpress.net/hai-dong-ho-moi-nhat-cua-apple-bi-ngung-ban-tai-my-4690485.html
Số hóa,https://vnexpress.net/ba-quan-ly-ky-cuu-roi-apple-4690565.html
Số hóa,https://vnexpress.net/chip-quang-tu-co-the-mo-duong-cho-mang-6g-4690277.html
Số hóa,https://vnexpress.net/cuu-ky-su-amazon-thua-nhan-hack-12-3-trieu-usd-tien-so-4690327.html
Số hóa,https://vnexpress.net/2023-nam-ai-pho-cap-moi-nha-4689421.html
Số hóa,https://vnexpress.net/cuoc-dua-thu-nho-chip-co-nanomet-4689132.html
Số hóa,https://vnexpress.net/facebook-phai-xin-loi-ty-phu-qatar-vi-quang-cao-tien-so-4690253.html
Số hóa,https://vnexpress.net/elon-musk-bay-hon-mot-chuyen-moi-ngay-trong-2023-4690128.html
Số hóa,https://vnexpress.net/mark-zuckerberg-dang-xay-khu-nha-bi-mat-270-trieu-usd-4689859.html
Số hóa,https://vnexpress.net/nvidia-doi-mat-van-de-nhan-vien-qua-giau-4689814.html
Số hóa,https://vnexpress.net/cong-ty-me-tiktok-su-dung-cong-nghe-cua-openai-khi-tao-chatbot-4689876.html
Số hóa,https://vnexpress.net/9-tai-nghe-true-wireless-noi-bat-2023-4689518.html
Số hóa,https://vnexpress.net/gan-11-000-cong-ty-chip-trung-quoc-dong-cua-nam-2023-4689683.html
Số hóa,https://vnexpress.net/gia-tv-cham-san-trong-nam-2023-4689287.html
Số hóa,https://vnexpress.net/con-song-chip-ai-khuay-dao-nganh-cong-nghe-2023-4689461.html
Số hóa,https://vnexpress.net/tu-lanh-thong-minh-bespoke-co-quay-minibar-4689515.html
Số hóa,https://vnexpress.net/ba-nguoi-viet-bi-microsoft-cao-buoc-tao-750-trieu-tai-khoan-lua-dao-4688916.html
Số hóa,https://vnexpress.net/8-smartphone-tam-trung-noi-bat-2023-4689011.html
Số hóa,https://vnexpress.net/5-cuoc-dua-song-ma-mo-man-chung-ket-tech-awards-2023-4689013.html
Xe,https://vnexpress.net/honda-city-dan-dau-binh-chon-xe-cua-nam-phan-khuc-sedan-co-b-4692154.html
Xe,https://vnexpress.net/cac-hang-xe-phan-doi-trieu-hoi-hang-chuc-trieu-tui-khi-4691969.html
Xe,https://vnexpress.net/tai-xe-di-xe-tesla-gap-tai-nan-nhieu-nhat-4691568.html
Xe,https://vnexpress.net/thi-truong-xe-dien-truoc-diem-gioi-han-4691452.html
Xe,https://vnexpress.net/chon-sh-mode-hay-peugeot-django-cho-con-gai-di-hoc-4691846.html
Xe,https://vnexpress.net/chon-kia-sorento-may-dau-ban-signature-hay-santa-fe-dau-cao-cap-4691716.html
Xe,https://vnexpress.net/focus-titanium-2017-gia-400-trieu-nen-mua-4691671.html
Xe,https://vnexpress.net/jeep-grand-cherokee-l-tang-gia-200-trieu-dong-4691715.html
Xe,https://vnexpress.net/hai-me-con-di-tren-he-suyt-bi-oto-lat-de-trung-4690987.html
Xe,https://vnexpress.net/toyota-trieu-hoi-hon-1-1-trieu-xe-loi-tui-khi-khong-bung-dung-cach-4691466.html
Xe,https://vnexpress.net/cac-nha-may-daihatsu-dung-giao-xe-toan-cau-sau-gian-lan-thu-nghiem-an-toan-4691383.html
Xe,https://vnexpress.net/10-quoc-gia-co-mat-do-oto-cao-nhat-the-gioi-4691036.html
Xe,https://vnexpress.net/cac-nguyen-nhan-khien-xe-gap-loi-ca-vang-4691688.html
Xe,https://vnexpress.net/nguoi-dan-ong-dap-xe-tren-cao-toc-4691207.html
Xe,https://vnexpress.net/cac-luu-y-khi-lai-xe-len-doc-deo-nui-4690983.html
Xe,https://vnexpress.net/toyota-vios-nhan-uu-dai-gan-80-trieu-dong-4691847.html
Xe,https://vnexpress.net/range-rover-sv-2023-suv-thuong-gia-gia-hon-19-1-ty-dong-4692089.html
Xe,https://vnexpress.net/dai-ly-muon-bo-may-lan-3-vi-khong-sua-duoc-xe-4691765.html
Xe,https://vnexpress.net/toyota-viet-nam-dung-giao-xe-avanza-mt-sau-be-boi-daihatsu-4691885.html
Xe,https://vnexpress.net/lui-vao-dau-oto-trong-cong-trinh-xe-lu-co-phai-den-4691594.html
Ý kiến,https://vnexpress.net/toi-tu-6-nam-nay-khong-du-khong-gui-tien-mung-dam-cuoi-4691795.html
Ý kiến,https://vnexpress.net/chay-nguoc-chieu-ne-tac-duong-khong-the-trong-doi-vao-y-thuc-nguoi-di-xe-may-4692103.html
Ý kiến,https://vnexpress.net/ao-tuong-thoi-xua-de-mua-nha-cua-nhung-gen-z-luon-nghi-minh-kho-4691995.html
Ý kiến,https://vnexpress.net/lam-viec-cham-chi-7-nam-van-bi-sa-thai-4691811.html
Ý kiến,https://vnexpress.net/nguy-co-o-tro-dai-han-cua-nguoi-tre-thoi-nay-4691817.html
Ý kiến,https://vnexpress.net/nhung-cach-de-phu-huynh-tu-tin-khong-cho-con-di-hoc-them-4691613.html
Ý kiến,https://vnexpress.net/toi-xau-ho-vi-duoc-bac-si-dan-thang-den-phong-sieu-am-4691599.html
Ý kiến,https://vnexpress.net/bot-than-phien-vi-mua-nha-thoi-nao-cung-kho-4691290.html
Ý kiến,https://vnexpress.net/tuoi-30-nguoi-da-reu-ra-4691273.html
Ý kiến,https://vnexpress.net/toi-xay-dung-chuoi-bay-phong-kham-thay-vi-dau-tu-dat-4691021.html
Ý kiến,https://vnexpress.net/lam-sao-khi-me-chi-cho-tien-mua-can-ho-tang-5-tro-xuong-4691245.html
Ý kiến,https://vnexpress.net/tre-con-nhu-cho-trut-gian-cua-nguoi-lon-4690383.html
Ý kiến,https://vnexpress.net/that-vong-vi-gia-nha-chung-cu-khong-giam-nhu-thoi-2008-2009-4691204.html
Ý kiến,https://vnexpress.net/20-nam-ngu-muoi-cong-hien-vi-tin-loi-hua-hao-cua-sep-4691120.html
Ý kiến,https://vnexpress.net/co-nen-gan-lop-oto-cu-vao-khoi-be-tong-tru-den-deo-prenn-4691155.html
Ý kiến,https://vnexpress.net/cuoc-chien-voi-tieng-on-cua-hang-xom-tu-5-gio-sang-4690832.html
Ý kiến,https://vnexpress.net/gen-z-kho-mua-nha-neu-khong-danh-thue-bat-dong-san-thu-hai-4690574.html
Ý kiến,https://vnexpress.net/thoi-bo-me-lam-25-nam-moi-xay-nha-nguoi-tre-bay-gio-som-bo-cuoc-4691059.html
Ý kiến,https://vnexpress.net/song-kho-vi-hang-xom-bat-loa-on-ao-sau-22h-moi-giai-quyet-duoc-4690809.html
Ý kiến,https://vnexpress.net/hai-lan-that-bai-nhung-van-quyet-tam-khoi-nghiep-4690743.html
Ý kiến,https://vnexpress.net/nguoi-cha-han-quoc-xin-loi-khi-con-minh-bi-giam-chan-4690747.html
Ý kiến,https://vnexpress.net/dong-nghiep-nua-dem-ban-mai-an-gi-trong-nhom-chat-cong-viec-4690726.html
Ý kiến,https://vnexpress.net/vo-mong-luong-cao-sau-khi-xuat-ngoai-4690529.html
Ý kiến,https://vnexpress.net/gioi-toan-nho-hoc-them-de-biet-truoc-cach-giai-4690655.html
Ý kiến,https://vnexpress.net/sai-lam-dung-tien-de-thue-con-lam-viec-nha-4690590.html
Ý kiến,https://vnexpress.net/nhung-chu-ky-10-nam-vay-muon-lam-viec-tich-gop-tra-no-4690369.html
Ý kiến,https://vnexpress.net/cach-mat-cho-truyen-thong-vi-tra-gia-kieu-gi-cung-ho-4690195.html
Ý kiến,https://vnexpress.net/keo-kiet-dung-dan-de-co-cuoc-song-de-tho-hon-4690345.html
Ý kiến,https://vnexpress.net/toi-co-qua-lieu-khi-vay-3-5-ty-mua-nha-ha-noi-4690102.html
Ý kiến,https://vnexpress.net/chi-tieu-co-ban-van-ton-it-nhat-6-5-trieu-dong-o-thanh-pho-4690272.html
Ý kiến,https://vnexpress.net/hanh-trinh-10-nam-mua-dat-ban-nha-cua-ky-su-xay-dung-that-nghiep-4689950.html
Ý kiến,https://vnexpress.net/bay-gio-khong-mua-nha-dat-thi-doi-khi-nao-4690096.html
Ý kiến,https://vnexpress.net/oto-hung-hang-tra-dua-xe-may-4690094.html
Ý kiến,https://vnexpress.net/tu-bo-loi-da-phong-ngu-khong-giup-nang-tam-bong-da-viet-nam-4689940.html
Thư giãn,https://vnexpress.net/coc-mia-khong-lo-nang-2-7-kg-4691233.html
Thư giãn,https://vnexpress.net/cho-ngan-ho-danh-nhau-voi-su-tu-trong-vuon-thu-4691200.html
Thư giãn,https://vnexpress.net/nha-cach-mang-nao-duoc-ke-thu-kinh-ne-goi-la-ong-nho-4690745.html
Thư giãn,https://vnexpress.net/tim-cun-cung-lac-trong-rung-4689201.html
Thư giãn,https://vnexpress.net/chim-dung-banh-mi-lam-moi-bat-ca-4690600.html
Thư giãn,https://vnexpress.net/tai-nang-chua-duoc-khai-thac-cua-ban-la-gi-4688662.html
Thư giãn,https://vnexpress.net/hang-tram-con-ca-tre-luon-uyen-chuyen-duoi-day-bien-4691188.html
Thư giãn,https://vnexpress.net/hau-truong-canh-ton-ngo-khong-giao-chien-voi-yeu-quai-4691573.html
Thư giãn,https://vnexpress.net/nu-mc-nhat-ban-hon-nhien-dem-vit-trong-ban-tin-thoi-tiet-4691632.html
Thư giãn,https://vnexpress.net/thu-mon-nhan-trai-dang-vi-co-tinh-cau-gio-4690616.html
Thư giãn,https://vnexpress.net/su-that-canh-cuoi-ngua-trong-phim-kiem-hiep-4691116.html
Thư giãn,https://vnexpress.net/khuon-mat-bi-an-trong-hinh-o-dau-4688707.html
Thư giãn,https://vnexpress.net/cau-tuc-ngu-kho-nhan-nao-4691091.html
Thư giãn,https://vnexpress.net/cap-tran-hen-ho-truoc-mat-golfer-4691267.html
Thư giãn,https://vnexpress.net/cach-mo-khoa-dien-thoai-tiet-lo-tinh-cach-cua-ban-4691257.html
Thư giãn,https://vnexpress.net/be-nuoc-nao-se-day-truoc-tien-4690398.html
Thư giãn,https://vnexpress.net/dan-su-tu-bi-con-cua-me-hoac-4690638.html
Thư giãn,https://vnexpress.net/so-46-o-dau-trong-ma-tran-49-4688711.html
Thư giãn,https://vnexpress.net/cun-con-keo-duoi-ga-trong-de-ngan-danh-nhau-4690711.html
Thư giãn,https://vnexpress.net/nu-hoang-duy-nhat-lich-su-song-trong-trieu-dai-nao-4690756.html
Thư giãn,https://vnexpress.net/cau-tuc-ngu-nao-nhac-den-ga-vit-4691088.html
Thư giãn,https://vnexpress.net/chu-quan-de-khach-tu-nau-an-vi-ban-hong-chuyen-4690588.html
Thư giãn,https://vnexpress.net/khi-cam-ran-ho-mang-nghich-nhu-do-choi-4690676.html
Thư giãn,https://vnexpress.net/ai-la-nguoi-an-toan-nhat-4690360.html
Thư giãn,https://vnexpress.net/suc-hap-dan-cua-ban-o-dau-4690634.html
Thư giãn,https://vnexpress.net/nong-dan-bat-duoc-luon-vang-hiem-gap-4690246.html
Thư giãn,https://vnexpress.net/do-ban-thay-than-lan-bay-giua-dan-chim-4690169.html
Thư giãn,https://vnexpress.net/cuoc-chien-khong-hoi-ket-giua-ngong-va-de-4690123.html
Thư giãn,https://vnexpress.net/meo-no-don-vi-ti-thi-vo-cong-voi-ga-trong-4690690.html
Thư giãn,https://vnexpress.net/nguoi-phu-nu-thu-hai-o-dau-4690172.html
Thư giãn,https://vnexpress.net/be-gai-9-tuoi-cau-duoc-ca-ngu-tri-gia-hon-2-ty-dong-4690198.html
Thư giãn,https://vnexpress.net/su-tu-duc-noi-tieng-nho-bom-bong-muot-4690192.html
Thư giãn,https://vnexpress.net/nhung-bat-ngo-nao-co-the-thay-doi-cuoc-doi-ban-trong-nam-2024-4688909.html
Thư giãn,https://vnexpress.net/nha-nguyen-ky-hiep-uoc-nao-cat-3-tinh-nam-ky-cho-phap-4690719.html
Thư giãn,https://vnexpress.net/mat-10-10-co-thay-chiec-oto-o-dau-4688193.html
